{
    "eps": 5.24905594894767,
    "max_gps_tol": 40.20762150710018,
    "min_cluster_size": 2,
    "min_samples": 1,
    "strict_thresh": 0.19381718125026318,
    "loose_thresh": 0.3904165606002657,
    "w_merge": 0.17561925578636522,
    "w_split": 3.7572656452995656
}