{
    "eps": 6.6816355524621365,
    "max_gps_tol": 42.254535006640396,
    "min_cluster_size": 2,
    "min_samples": 2,
    "strict_thresh": 0.23273918212293665,
    "loose_thresh": 0.41834048674761215,
    "w_merge": 0.07969053765215996,
    "w_split": 3.9254113045900754
}